City_ID,City,Country,Date,Lat,Lng,Max Temp,Humidity,Cloudiness,Wind Speed
0,Casper,US,2022-02-01 03:11:39,42.8666,-106.3131,29.5,56,0,11.5
1,Rikitea,PF,2022-02-01 03:13:27,-23.1203,-134.9692,78.35,66,93,6.46
2,Constitucion,CL,2022-02-01 03:13:27,-35.3333,-72.4167,57.52,74,0,7.09
3,Chokurdakh,RU,2022-02-01 03:13:27,70.6333,147.9167,-12.77,95,100,1.57
4,Tasiilaq,GL,2022-02-01 03:13:28,65.6145,-37.6368,10.56,89,80,8.14
5,Cidreira,BR,2022-02-01 03:11:14,-30.1811,-50.2056,72.86,87,1,3.44
6,Avarua,CK,2022-02-01 03:13:28,-21.2078,-159.775,80.65,78,100,12.66
7,New Norfolk,AU,2022-02-01 03:13:28,-42.7826,147.0587,81.9,53,43,12.1
8,Saskylakh,RU,2022-02-01 03:13:29,71.9167,114.0833,-28.97,100,69,2.08
9,Albany,US,2022-02-01 03:13:29,42.6001,-73.9662,16.52,71,7,1.97
10,Kapaa,US,2022-02-01 03:13:29,22.0752,-159.319,75.18,74,75,1.99
11,Talcahuano,CL,2022-02-01 03:13:29,-36.7167,-73.1167,58.68,72,0,9.22
12,Humaita,BR,2022-02-01 03:13:30,-7.5061,-63.0208,72.34,99,45,2.46
13,Lagoa,PT,2022-02-01 03:13:30,39.05,-27.9833,58.87,75,38,22.37
14,Dikson,RU,2022-02-01 03:13:31,73.5069,80.5464,-0.15,89,100,20.15
15,Severo-Kurilsk,RU,2022-02-01 03:08:58,50.6789,156.125,28.53,74,100,16.67
16,Adrar,MR,2022-02-01 03:13:31,20.5022,-10.0711,70.81,14,100,9.22
17,Bud,US,2022-02-01 03:13:31,39.447,-86.1758,35.82,72,99,7.85
18,Bluff,NZ,2022-02-01 03:10:15,-46.6,168.3333,66.79,82,100,13.33
19,Celendin,PE,2022-02-01 03:13:32,-6.8703,-78.1517,52.7,73,80,4.36
20,Aykhal,RU,2022-02-01 03:13:32,66.0,111.5,-25.69,100,68,4.76
21,Ahuimanu,US,2022-02-01 03:13:32,21.4447,-157.8378,75.45,70,0,1.99
22,Laibin,CN,2022-02-01 03:13:33,23.7,109.2667,45.03,82,100,10.38
23,Busselton,AU,2022-02-01 03:13:33,-33.65,115.3333,75.04,34,0,15.28
24,Ponta Do Sol,PT,2022-02-01 03:10:29,32.6667,-17.1,65.03,81,10,12.68
25,Chake Chake,TZ,2022-02-01 03:13:33,-5.2459,39.7666,75.51,84,43,4.0
26,Sao Jose Da Coroa Grande,BR,2022-02-01 03:13:34,-8.8978,-35.1478,78.15,82,39,7.23
27,Saldanha,ZA,2022-02-01 03:09:10,-33.0117,17.9442,65.95,91,7,8.59
28,Pimentel,PE,2022-02-01 03:13:34,-6.8367,-79.9342,70.68,78,24,10.02
29,Klaksvik,FO,2022-02-01 03:10:25,62.2266,-6.589,43.72,78,100,42.46
30,Grand Gaube,MU,2022-02-01 03:11:42,-20.0064,57.6608,80.38,69,99,8.99
31,Meridian,US,2022-02-01 03:08:56,43.6121,-116.3915,32.16,71,40,1.99
32,Jamestown,US,2022-02-01 03:13:35,42.097,-79.2353,22.64,63,0,5.75
33,Qaanaaq,GL,2022-02-01 03:13:35,77.484,-69.3632,-19.59,46,3,10.42
34,Souillac,MU,2022-02-01 03:13:35,-20.5167,57.5167,80.37,80,100,19.8
35,Vila Velha,BR,2022-02-01 03:10:02,-20.3297,-40.2925,75.15,88,75,3.44
36,Den Helder,NL,2022-02-01 03:13:36,52.9599,4.7593,43.07,82,100,17.0
37,Jaleswar,NP,2022-02-01 03:13:36,26.6471,85.8008,60.49,58,0,3.85
38,Glendive,US,2022-02-01 03:13:36,47.1053,-104.7125,20.03,70,75,25.32
39,Cape Town,ZA,2022-02-01 03:09:00,-33.9258,18.4232,73.11,85,8,1.01
40,Tuktoyaktuk,CA,2022-02-01 03:13:37,69.4541,-133.0374,-15.12,99,100,3.42
41,Atuona,PF,2022-02-01 03:09:18,-9.8,-139.0333,78.71,75,13,19.98
42,Bad Aussee,AT,2022-02-01 03:13:37,47.61,13.7824,33.01,100,100,6.31
43,Saint Anthony,US,2022-02-01 03:13:37,45.0205,-93.218,29.28,77,0,5.01
44,Hithadhoo,MV,2022-02-01 03:14:38,-0.6,73.0833,82.45,72,9,12.62
45,Carutapera,BR,2022-02-01 03:14:38,-1.195,-46.02,73.38,90,100,6.31
46,Marawi,PH,2022-02-01 03:14:39,7.9986,124.2928,79.56,61,70,4.85
47,San Severo,IT,2022-02-01 03:14:39,41.6897,15.376,46.0,67,100,26.98
48,Tukrah,LY,2022-02-01 03:14:39,32.5341,20.5791,52.75,71,6,17.69
49,Vaini,TO,2022-02-01 03:14:40,-21.2,-175.2,80.83,72,62,13.91
50,Karratha,AU,2022-02-01 03:14:40,-20.7377,116.8463,94.28,47,100,12.8
51,Port Alfred,ZA,2022-02-01 03:14:40,-33.5906,26.891,74.73,96,99,3.62
52,Kemin,KG,2022-02-01 03:14:40,42.7846,75.6892,23.31,67,91,5.5
53,Padang,ID,2022-02-01 03:14:41,-0.9492,100.3543,80.65,79,93,2.89
54,Pevek,RU,2022-02-01 03:14:41,69.7008,170.3133,-16.65,96,71,0.72
55,Ushuaia,AR,2022-02-01 03:14:42,-54.8,-68.3,40.01,95,97,2.37
56,Punta Arenas,CL,2022-02-01 03:14:42,-53.15,-70.9167,46.11,81,75,19.57
57,Bethel,US,2022-02-01 03:14:42,41.3712,-73.414,20.68,68,0,0.0
58,Nuuk,GL,2022-02-01 03:14:43,64.1835,-51.7216,16.88,92,100,12.66
59,Itoman,JP,2022-02-01 03:14:43,26.1247,127.6694,66.97,56,75,10.36
60,Elizabeth City,US,2022-02-01 03:14:43,36.2946,-76.2511,41.02,90,0,10.36
61,Kodiak,US,2022-02-01 03:14:43,57.79,-152.4072,35.11,80,100,9.22
62,Lebu,CL,2022-02-01 03:14:44,-37.6167,-73.65,57.42,78,0,16.8
63,Salalah,OM,2022-02-01 03:14:44,17.0151,54.0924,66.29,55,20,2.3
64,Khatanga,RU,2022-02-01 03:14:44,71.9667,102.5,-29.7,100,18,3.47
65,Petropavlovsk-Kamchatskiy,RU,2022-02-01 03:14:45,53.0452,158.6483,28.78,69,75,15.66
66,Sitka,US,2022-02-01 03:10:16,57.0531,-135.33,35.49,80,100,3.44
67,Devonport,AU,2022-02-01 03:14:45,-41.1667,146.35,78.78,47,13,19.22
68,Santa Fe,AR,2022-02-01 03:11:32,-31.6333,-60.7,75.02,56,1,4.0
69,Ancud,CL,2022-02-01 03:11:32,-41.8697,-73.8203,57.22,88,82,6.51
70,Hobart,AU,2022-02-01 03:13:07,-42.8794,147.3294,82.26,28,59,21.85
71,Lompoc,US,2022-02-01 03:10:27,34.6391,-120.4579,60.42,85,0,4.61
72,Kavaratti,IN,2022-02-01 03:14:46,10.5669,72.642,80.49,71,6,7.96
73,Clyde River,CA,2022-02-01 03:14:46,70.4692,-68.5914,-25.37,75,100,4.61
74,Saint George,US,2022-02-01 03:13:42,37.1041,-113.5841,51.94,27,0,1.99
75,Atasu,KZ,2022-02-01 03:14:18,48.6814,71.6433,-2.24,98,18,4.0
76,Ashford,GB,2022-02-01 03:14:47,51.1459,0.8728,45.03,87,99,12.03
77,Vila Franca Do Campo,PT,2022-02-01 03:14:47,37.7167,-25.4333,57.61,77,67,13.53
78,Scarborough,GB,2022-02-01 03:09:55,54.2797,-0.4044,50.52,89,100,4.0
79,Vao,NC,2022-02-01 03:14:47,-22.6667,167.4833,78.17,83,98,9.66
80,Hermanus,ZA,2022-02-01 03:14:48,-34.4187,19.2345,72.9,88,3,6.8
81,Beyneu,KZ,2022-02-01 03:14:48,45.3167,55.2,32.45,83,41,11.88
82,Ermelo,ZA,2022-02-01 03:14:48,-26.5333,29.9833,53.13,95,97,1.72
83,Bengkulu,ID,2022-02-01 03:14:49,-3.8004,102.2655,83.48,67,88,5.39
84,Norman Wells,CA,2022-02-01 03:14:49,65.282,-126.8329,1.44,71,75,10.36
85,Pozo Colorado,PY,2022-02-01 03:14:49,-23.4923,-58.7972,82.06,28,77,3.71
86,Provideniya,RU,2022-02-01 03:15:50,64.3833,-173.3,12.31,62,75,22.37
87,Yellowknife,CA,2022-02-01 03:15:50,62.456,-114.3525,-11.7,87,20,8.05
88,Ginir,ET,2022-02-01 03:15:50,7.1333,40.7,55.02,27,59,2.42
89,Butaritari,KI,2022-02-01 03:15:50,3.0707,172.7902,81.97,78,100,12.64
90,Acapulco,MX,2022-02-01 03:14:39,16.8634,-99.8901,80.42,69,20,8.05
91,Antofagasta,CL,2022-02-01 03:15:51,-23.65,-70.4,65.48,83,9,3.06
92,Oktyabrskiy,RU,2022-02-01 03:15:51,54.4815,53.471,26.58,86,100,16.8
93,Dali,CN,2022-02-01 03:15:52,25.7,100.1833,48.83,58,28,6.58
94,Akdagmadeni,TR,2022-02-01 03:15:52,39.6603,35.8836,22.53,95,100,4.52
95,Syamzha,RU,2022-02-01 03:15:52,60.0158,41.0614,16.83,95,100,7.07
96,Broken Hill,AU,2022-02-01 03:15:52,-31.95,141.4333,81.16,50,100,9.44
97,Esperance,AU,2022-02-01 03:15:53,-33.8667,121.9,65.89,51,57,16.53
98,Namibe,AO,2022-02-01 03:15:53,-15.1961,12.1522,70.32,75,99,8.28
99,Port Elizabeth,ZA,2022-02-01 03:15:53,-33.918,25.5701,73.09,100,75,4.61
100,Vostok,RU,2022-02-01 03:15:54,46.4856,135.8833,6.69,84,100,5.1
101,Thompson,CA,2022-02-01 03:15:54,55.7435,-97.8558,1.56,78,100,9.22
102,Otane,NZ,2022-02-01 03:15:54,-39.8833,176.6333,81.39,47,100,9.95
103,Anito,PH,2022-02-01 03:15:55,12.4497,125.2886,80.1,85,45,9.37
104,Jiquipilas,MX,2022-02-01 03:15:55,16.6667,-93.65,74.43,86,0,4.05
105,Kaitangata,NZ,2022-02-01 03:15:55,-46.2817,169.8464,69.93,78,100,7.43
106,Hilo,US,2022-02-01 03:12:21,19.7297,-155.09,74.25,82,56,4.85
107,Torbay,CA,2022-02-01 03:15:56,47.6666,-52.7314,31.75,73,75,17.27
108,Yulara,AU,2022-02-01 03:15:56,-25.2406,130.9889,71.44,100,100,13.8
109,Menongue,AO,2022-02-01 03:15:56,-14.6585,17.691,62.11,62,100,5.39
110,Linqiong,CN,2022-02-01 03:15:57,30.4159,103.4609,42.62,92,100,5.97
111,Mataura,NZ,2022-02-01 03:15:57,-46.1927,168.8643,83.52,41,100,0.98
112,Glace Bay,CA,2022-02-01 03:15:58,46.1969,-59.957,18.79,78,20,3.44
113,Ertil,RU,2022-02-01 03:15:58,51.8406,40.8056,27.18,95,100,15.3
114,Kaeo,NZ,2022-02-01 03:15:58,-35.1,173.7833,73.33,85,99,13.6
115,Yumen,CN,2022-02-01 03:14:17,40.2833,97.2,18.43,26,73,3.98
116,Ternate,ID,2022-02-01 03:15:59,0.8,127.4,84.18,65,97,2.95
117,Tuatapere,NZ,2022-02-01 03:15:59,-46.1333,167.6833,76.51,45,100,2.46
118,Zhezkazgan,KZ,2022-02-01 03:16:00,47.8043,67.7144,8.58,85,100,4.47
119,Bagdarin,RU,2022-02-01 03:16:00,54.4333,113.6,-3.66,79,14,2.06
120,West Bay,KY,2022-02-01 03:16:00,19.3667,-81.4167,75.0,71,20,3.0
121,Dubbo,AU,2022-02-01 03:15:33,-32.25,148.6167,86.13,51,92,10.36
122,Chitral,PK,2022-02-01 03:16:01,35.8462,71.7858,24.8,58,0,8.63
123,Ekhabi,RU,2022-02-01 03:16:01,53.5102,142.9671,5.54,93,100,24.79
124,Hoquiam,US,2022-02-01 03:16:01,46.9809,-123.8893,43.02,86,75,3.44
125,Castro,BR,2022-02-01 03:16:02,-24.7911,-50.0119,62.08,90,3,2.21
126,Itapirapua,BR,2022-02-01 03:16:02,-15.8233,-50.6133,69.08,96,100,2.84
127,Richards Bay,ZA,2022-02-01 03:12:59,-28.783,32.0377,72.91,85,10,8.79
128,Caravelas,BR,2022-02-01 03:16:02,-17.7125,-39.2481,77.32,91,46,8.3
129,Atar,MR,2022-02-01 03:16:03,20.5169,-13.0499,77.77,14,100,9.66
130,Shu,KZ,2022-02-01 03:16:03,43.5983,73.7614,30.34,78,100,4.05
131,Tateyama,JP,2022-02-01 03:17:03,34.9833,139.8667,52.07,54,83,7.87
132,Salym,RU,2022-02-01 03:17:04,60.0625,71.4789,7.09,96,100,4.32
133,Narsaq,GL,2022-02-01 03:17:04,60.9167,-46.05,25.02,90,100,3.89
134,Galle,LK,2022-02-01 03:17:04,6.0367,80.217,78.06,79,34,3.89
135,Saint-Philippe,RE,2022-02-01 03:17:05,-21.3585,55.7679,80.15,80,99,14.12
136,Amboasary,MG,2022-02-01 03:17:05,-25.0333,46.3833,75.04,88,4,3.49
137,Port Blair,IN,2022-02-01 03:17:05,11.6667,92.75,77.04,73,40,3.44
138,Huarmey,PE,2022-02-01 03:17:06,-10.0681,-78.1522,71.02,83,15,6.26
139,Changji,CN,2022-02-01 03:17:06,44.0167,87.3167,2.19,85,75,2.24
140,Lakatoro,VU,2022-02-01 03:17:06,-16.0999,167.4164,78.03,89,100,4.05
141,Nanfeng,CN,2022-02-01 03:17:07,23.7434,111.7959,46.9,90,98,3.27
142,Tshela,CD,2022-02-01 03:17:07,-4.9833,12.9333,72.68,99,97,0.16
143,Nikolskoye,RU,2022-02-01 03:17:07,59.7035,30.7861,24.69,97,99,4.59
144,Shahr-E Babak,IR,2022-02-01 03:17:08,30.1165,55.1186,43.5,69,29,13.94
145,Bang Saphan,TH,2022-02-01 03:17:08,11.2126,99.5117,87.75,65,19,4.52
146,Bismarck,US,2022-02-01 03:17:09,46.8083,-100.7837,39.04,74,20,10.0
147,Jalu,LY,2022-02-01 03:17:09,29.0331,21.5482,51.12,66,1,9.8
148,Mount Gambier,AU,2022-02-01 03:17:09,-37.8333,140.7667,66.11,48,86,24.16
149,Progreso,MX,2022-02-01 03:17:10,21.2833,-89.6667,71.71,67,24,14.76
150,Moyo,UG,2022-02-01 03:17:10,3.6609,31.7247,70.72,40,82,1.34
151,Ribeira Brava,PT,2022-02-01 03:17:10,32.65,-17.0667,65.03,82,11,13.98
152,Kajaani,FI,2022-02-01 03:17:10,64.2273,27.7285,14.05,85,100,4.61
153,Kendari,ID,2022-02-01 03:17:11,-3.945,122.4989,85.82,63,98,4.83
154,Roald,NO,2022-02-01 03:17:11,62.5833,6.1333,33.94,69,20,10.36
155,Cabo San Lucas,MX,2022-02-01 03:17:11,22.8909,-109.9124,69.51,58,0,0.0
156,Waingapu,ID,2022-02-01 03:17:12,-9.6567,120.2641,86.97,62,13,19.04
157,Puerto Ayora,EC,2022-02-01 03:17:12,-0.7393,-90.3518,73.54,95,93,1.01
158,Yegorlykskaya,RU,2022-02-01 03:17:12,46.5656,40.6562,33.13,100,70,7.99
159,Wattegama,LK,2022-02-01 03:17:13,6.7989,81.4808,80.28,60,44,7.2
160,Salinas,US,2022-02-01 03:15:53,36.6777,-121.6555,54.82,85,75,3.44
161,Lorengau,PG,2022-02-01 03:17:13,-2.0226,147.2712,77.7,91,100,15.23
162,Bay-Khaak,RU,2022-02-01 03:17:13,51.1667,94.5,-18.47,90,13,0.67
163,Mareeba,AU,2022-02-01 03:17:14,-17.0,145.4333,86.43,74,68,4.74
164,Faanui,PF,2022-02-01 03:17:14,-16.4833,-151.75,81.18,73,6,19.19
165,Iisalmi,FI,2022-02-01 03:17:14,63.5592,27.1907,15.82,94,100,5.68
166,Katherine,AU,2022-02-01 03:17:14,-14.4667,132.2667,82.72,74,71,18.41
167,Horstel,DE,2022-02-01 03:17:15,52.3167,7.5833,38.03,80,93,12.03
168,Iaciara,BR,2022-02-01 03:17:15,-14.0958,-46.6317,68.36,91,100,1.83
169,Port Hardy,CA,2022-02-01 03:17:15,50.6996,-127.4199,39.76,93,75,5.75
170,Georgetown,MY,2022-02-01 03:17:16,5.4112,100.3354,87.73,71,20,8.05
171,Oblivskaya,RU,2022-02-01 03:17:16,48.5362,42.5014,32.38,91,100,13.82
172,Kangaatsiaq,GL,2022-02-01 03:17:16,68.3065,-53.4641,7.77,79,100,2.73
173,Ierapetra,GR,2022-02-01 03:17:17,35.01,25.7353,56.14,72,42,4.0
174,Marfino,RU,2022-02-01 03:17:17,55.7028,37.3822,29.48,100,100,11.18
175,Bredasdorp,ZA,2022-02-01 03:17:17,-34.5322,20.0403,72.28,98,24,3.98
176,Belz,FR,2022-02-01 03:17:18,47.6751,-3.168,49.08,89,90,1.99
177,Mujiayingzi,CN,2022-02-01 03:18:18,42.1167,118.7833,13.8,46,0,9.15
178,Bethanien,NA,2022-02-01 03:18:18,-26.502,17.1583,73.44,67,63,6.8
179,Hvide Sande,DK,2022-02-01 03:18:19,56.0045,8.1294,38.08,75,100,21.47
180,Buala,SB,2022-02-01 03:18:19,-8.145,159.5921,84.69,67,100,3.04
181,Port Shepstone,ZA,2022-02-01 03:18:19,-30.7414,30.455,74.59,90,100,9.15
182,Urumqi,CN,2022-02-01 03:18:20,43.801,87.6005,-1.25,85,75,2.24
183,Ribeira Grande,PT,2022-02-01 03:18:20,38.5167,-28.7,60.24,73,19,11.68
184,Tiksi,RU,2022-02-01 03:18:20,71.6872,128.8694,-10.86,100,100,5.57
185,Mecca,SA,2022-02-01 03:16:41,21.4267,39.8261,58.91,60,0,11.16
186,Chuy,UY,2022-02-01 03:18:21,-33.6971,-53.4616,60.67,66,0,6.22
187,Aripuana,BR,2022-02-01 03:18:21,-9.1667,-60.6333,70.9,98,100,1.77
188,Chisindia,RO,2022-02-01 03:18:21,46.2833,22.1,30.99,94,100,1.54
189,Airai,TL,2022-02-01 03:14:19,-8.9266,125.4092,71.91,63,54,6.87
190,Yablonovo,RU,2022-02-01 03:18:22,50.8523,37.3574,28.26,95,100,13.65
191,Tolyatti,RU,2022-02-01 03:14:20,53.5303,49.3461,26.96,93,100,18.75
192,Cayenne,GF,2022-02-01 03:18:22,4.9333,-52.3333,80.1,85,40,5.99
193,Cherskiy,RU,2022-02-01 03:18:22,68.75,161.3,-4.02,87,100,4.85
194,Viedma,AR,2022-02-01 03:18:23,-40.8135,-62.9967,68.4,26,1,11.56
195,Fukuma,JP,2022-02-01 03:18:23,33.7667,130.4667,49.08,58,100,21.21
196,Victoria,HK,2022-02-01 03:15:28,22.2855,114.1577,57.33,88,100,1.01
197,Qasigiannguit,GL,2022-02-01 03:18:23,68.8193,-51.1922,7.05,97,94,9.04
198,Carnarvon,AU,2022-02-01 03:15:44,-24.8667,113.6333,87.87,58,12,20.71
199,Malinyi,TZ,2022-02-01 03:18:24,-8.9333,36.1333,70.0,98,97,1.21
200,Bilma,NE,2022-02-01 03:17:09,18.6853,12.9164,50.94,25,0,4.12
201,Jutai,BR,2022-02-01 03:18:24,-5.1833,-68.9,76.05,84,96,3.0
202,Raciborz,PL,2022-02-01 03:18:24,50.0919,18.2193,32.85,96,84,7.58
203,Geraldton,AU,2022-02-01 03:18:25,-28.7667,114.6,90.01,31,7,13.8
204,Kangasala,FI,2022-02-01 03:18:25,61.4638,24.076,16.99,89,99,6.06
205,Rio Gallegos,AR,2022-02-01 03:18:25,-51.6226,-69.2181,46.45,71,0,28.77
206,Araouane,ML,2022-02-01 03:15:33,18.9048,-3.5265,65.5,10,6,12.41
207,Honningsvag,NO,2022-02-01 03:18:26,70.9821,25.9704,28.47,76,100,11.52
208,Sao Joao Da Barra,BR,2022-02-01 03:18:26,-21.6403,-41.0511,76.28,90,100,9.53
209,Kruisfontein,ZA,2022-02-01 03:18:27,-34.0033,24.7314,70.88,95,98,2.21
210,Deputatskiy,RU,2022-02-01 03:18:27,69.3,139.9,-15.88,98,100,2.37
211,Mount Isa,AU,2022-02-01 03:18:27,-20.7333,139.5,91.17,46,40,16.11
212,Senneterre,CA,2022-02-01 03:18:28,48.3835,-77.2328,-0.18,95,18,5.1
213,Dunmore Town,BS,2022-02-01 03:18:28,25.5,-76.65,67.19,58,2,16.55
214,Blairmore,CA,2022-02-01 03:15:06,49.6,-114.4353,9.99,85,100,9.22
215,Kununurra,AU,2022-02-01 03:18:28,-15.7667,128.7333,91.38,58,75,18.41
216,Nome,US,2022-02-01 03:18:29,64.5011,-165.4064,17.67,49,0,14.97
217,Jodhpur,IN,2022-02-01 03:18:29,26.2867,73.03,64.38,75,0,4.85
218,Necochea,AR,2022-02-01 03:18:29,-38.5473,-58.7368,55.04,52,15,12.75
219,Leningradskiy,RU,2022-02-01 03:16:55,69.3833,178.4167,-17.3,95,54,9.46
220,Praya,CV,2022-02-01 03:17:09,14.9215,-23.5087,70.34,88,100,12.66
221,La Rioja,ES,2022-02-01 03:18:30,42.25,-2.5,39.31,97,100,13.91
222,Upernavik,GL,2022-02-01 03:18:30,72.7868,-56.1549,-20.67,99,99,6.22
223,Chapais,CA,2022-02-01 03:19:30,49.7834,-74.8492,-20.42,99,41,4.36
224,Grindavik,IS,2022-02-01 03:19:31,63.8424,-22.4338,34.27,75,100,29.93
225,Tokur,RU,2022-02-01 03:19:31,53.1333,132.9,-2.22,85,80,2.24
226,Yaan,NG,2022-02-01 03:19:31,7.3833,8.5667,70.41,20,54,5.73
227,Axim,GH,2022-02-01 03:19:31,4.8699,-2.2405,77.36,86,100,2.42
228,Merauke,ID,2022-02-01 03:19:32,-8.4667,140.3333,79.52,82,100,9.55
229,Urusha,RU,2022-02-01 03:19:32,54.05,122.9,2.7,65,79,5.44
230,Upata,VE,2022-02-01 03:19:32,8.0086,-62.3989,73.18,79,91,5.39
231,Taybad,IR,2022-02-01 03:19:33,34.74,60.7756,41.43,42,54,1.74
232,Ilulissat,GL,2022-02-01 03:19:33,69.2167,-51.1,6.82,72,100,2.3
233,Batemans Bay,AU,2022-02-01 03:19:33,-35.7167,150.1833,93.99,44,100,5.68
234,Filadelfia,US,2022-02-01 03:15:49,39.9523,-75.1638,25.88,72,0,4.0
235,Northam,GB,2022-02-01 03:15:30,51.0333,-4.2167,49.6,85,80,19.6
236,Bambous Virieux,MU,2022-02-01 03:19:34,-20.3428,57.7575,81.21,74,75,18.41
237,Uyuni,BO,2022-02-01 03:19:34,-20.4597,-66.825,49.48,67,6,15.75
238,Nizwa,OM,2022-02-01 03:19:34,22.9333,57.5333,63.81,46,0,1.14
239,Henties Bay,NA,2022-02-01 03:19:35,-22.116,14.2845,68.86,80,100,8.52
240,Kahului,US,2022-02-01 03:17:17,20.8947,-156.47,78.82,69,40,6.91
241,Sorland,NO,2022-02-01 03:19:35,67.667,12.6934,33.24,56,100,14.88
242,Mattru,SL,2022-02-01 03:19:35,7.6244,-11.8332,71.4,98,61,2.44
243,Lasa,IT,2022-02-01 03:19:36,46.6166,10.7002,32.88,95,100,7.74
244,Barrow,US,2022-02-01 03:19:36,71.2906,-156.7887,-14.78,84,100,3.44
245,Ushtobe,KZ,2022-02-01 03:19:36,45.2514,77.9838,22.17,81,100,4.76
246,Breyten,ZA,2022-02-01 03:19:37,-26.3018,29.987,52.61,96,95,1.36
247,Hayden,US,2022-02-01 03:19:01,47.766,-116.7866,28.96,90,0,5.75
248,Nesna,NO,2022-02-01 03:19:37,66.1967,13.0213,24.67,66,100,18.92
249,Acajutla,SV,2022-02-01 03:19:37,13.5928,-89.8275,76.8,68,0,5.39
250,Ixtapa,MX,2022-02-01 03:19:37,20.7,-105.2,72.63,78,0,3.44
251,Mabaruma,GY,2022-02-01 03:19:38,8.2,-59.7833,71.1,96,100,2.42
252,Huaihua,CN,2022-02-01 03:19:38,27.5494,109.9592,37.9,98,100,3.62
253,Egvekinot,RU,2022-02-01 03:19:38,66.3167,-179.1667,0.28,69,96,14.41
254,Sinnamary,GF,2022-02-01 03:19:39,5.3833,-52.95,75.87,89,100,8.77
255,Nanortalik,GL,2022-02-01 03:19:39,60.1432,-45.2371,23.68,79,100,11.61
256,Poum,NC,2022-02-01 03:19:39,-20.2333,164.0167,81.07,75,42,16.4
257,Kidal,ML,2022-02-01 03:19:40,18.4411,1.4078,60.33,9,13,12.17
258,Dong Hoi,VN,2022-02-01 03:19:40,17.4833,106.6,63.86,88,100,7.87
259,Longyearbyen,SJ,2022-02-01 03:19:40,78.2186,15.6401,12.04,73,40,5.75
260,Meulaboh,ID,2022-02-01 03:19:40,4.1363,96.1285,82.29,74,5,2.73
261,Pacasmayo,PE,2022-02-01 03:19:41,-7.4006,-79.5714,71.42,76,46,8.55
262,Filingue,NE,2022-02-01 03:19:41,14.3521,3.3168,59.85,12,1,9.44
263,Hami,CN,2022-02-01 03:19:42,42.8,93.45,22.93,35,33,1.68
264,Trairi,BR,2022-02-01 03:19:42,-3.2778,-39.2689,77.76,79,73,7.25
265,Ati,TD,2022-02-01 03:19:42,13.2154,18.3353,55.44,20,0,10.47
266,Mar Del Plata,AR,2022-02-01 03:19:11,-38.0023,-57.5575,63.88,59,0,1.99
267,San Policarpo,PH,2022-02-01 03:19:42,12.1791,125.5072,80.78,81,14,10.38
268,Loa Janan,ID,2022-02-01 03:19:43,-0.583,117.095,78.98,82,100,3.71
269,Williston,US,2022-02-01 03:15:19,48.147,-103.618,16.54,76,100,13.0
270,Eureka,US,2022-02-01 03:16:37,40.8021,-124.1637,48.25,81,40,7.0
271,Iqaluit,CA,2022-02-01 03:20:43,63.7506,-68.5145,-27.31,74,0,3.0
272,Katsuura,JP,2022-02-01 03:20:44,35.1333,140.3,46.51,47,91,7.45
273,Sucha Beskidzka,PL,2022-02-01 03:20:44,49.7419,19.5943,32.02,98,100,2.71
274,Daru,PG,2022-02-01 03:20:44,-9.0763,143.2092,77.79,88,100,10.47
275,Ashtabula,US,2022-02-01 03:20:45,41.7001,-80.7665,20.19,93,0,0.0
276,Inverness,GB,2022-02-01 03:20:45,57.4791,-4.224,51.22,77,40,8.01
277,Wanaka,NZ,2022-02-01 03:20:45,-44.7,169.15,79.11,35,100,4.0
278,Wajir,KE,2022-02-01 03:20:46,1.7471,40.0573,73.8,76,99,11.72
279,Kuching,MY,2022-02-01 03:20:46,1.55,110.3333,86.22,70,40,10.36
280,Mizdah,LY,2022-02-01 03:20:46,31.4451,12.9801,46.29,36,97,15.37
281,Portree,GB,2022-02-01 03:20:47,57.4129,-6.1942,48.52,85,100,22.84
282,Ketchikan,US,2022-02-01 03:20:47,55.3422,-131.6461,35.58,100,100,0.0
283,Vermillion,US,2022-02-01 03:20:47,42.7794,-96.9292,50.67,33,60,16.84
284,Seremban,MY,2022-02-01 03:20:48,2.7297,101.9381,87.35,77,98,2.24
285,Dondaicha,IN,2022-02-01 03:20:48,21.3333,74.5667,68.38,38,1,2.66
286,Margate,GB,2022-02-01 03:20:48,51.3813,1.3862,44.74,81,95,3.0
287,Faya,SA,2022-02-01 03:20:48,18.3851,42.4509,51.91,81,10,4.41
288,Hobyo,SO,2022-02-01 03:20:49,5.3505,48.5268,77.18,82,42,13.04
289,Belousovka,KZ,2022-02-01 03:20:49,50.1339,82.5239,-8.0,84,75,2.24
290,Portland,US,2022-02-01 03:19:24,45.5234,-122.6762,42.89,88,75,1.01
291,Comodoro Rivadavia,AR,2022-02-01 03:20:50,-45.8667,-67.5,67.86,34,47,35.68
292,Baruun-Urt,MN,2022-02-01 03:20:50,46.6806,113.2792,-2.4,82,23,8.1
293,Purpe,RU,2022-02-01 03:20:50,64.4803,76.6897,-1.19,98,86,8.63
294,Exeter,GB,2022-02-01 03:20:51,50.7236,-3.5275,50.11,86,89,1.99
295,Isiro,CD,2022-02-01 03:20:51,2.7739,27.616,64.78,55,75,2.75
296,Praia,CV,2022-02-01 03:20:51,14.9215,-23.5087,70.34,88,100,12.66
297,Husavik,IS,2022-02-01 03:20:52,66.0449,-17.3389,22.91,91,100,19.06
298,East London,ZA,2022-02-01 03:20:52,-33.0153,27.9116,74.34,88,0,2.3
299,Hirara,JP,2022-02-01 03:20:52,24.8,125.2833,69.66,60,75,10.36
300,Visnes,NO,2022-02-01 03:20:52,59.3556,5.2242,32.83,100,100,13.8
301,Ha Tinh,VN,2022-02-01 03:20:53,18.3333,105.9,59.36,84,100,5.46
302,Enshi,CN,2022-02-01 03:20:53,30.3,109.4833,40.44,87,98,1.34
303,Xining,CN,2022-02-01 03:20:53,36.6167,101.7667,15.22,52,76,2.39
304,Xuddur,SO,2022-02-01 03:20:54,4.1213,43.8894,67.98,93,63,13.42
305,Salamiyah,SY,2022-02-01 03:20:54,35.0113,37.0532,41.32,83,2,4.03
306,Bandarbeyla,SO,2022-02-01 03:20:54,9.4942,50.8122,75.38,80,69,12.19
307,Pauini,BR,2022-02-01 03:20:55,-7.7136,-66.9764,74.35,93,96,2.19
308,Fortuna,US,2022-02-01 03:20:55,40.5982,-124.1573,47.98,82,100,4.0
309,Saint-Augustin,CA,2022-02-01 03:20:55,51.226,-58.6502,-1.61,98,45,6.04
310,Gweru,ZW,2022-02-01 03:20:56,-19.45,29.8167,58.73,92,0,5.03
311,Vilyuysk,RU,2022-02-01 03:20:56,63.7553,121.6247,-24.11,98,95,3.53
312,Nizhnevartovsk,RU,2022-02-01 03:20:56,60.9344,76.5531,0.01,85,0,4.47
313,Darhan,MN,2022-02-01 03:21:57,49.4867,105.9228,-6.63,91,66,3.29
314,Pocone,BR,2022-02-01 03:21:57,-16.2567,-56.6228,71.47,99,100,6.02
315,Ardakan,IR,2022-02-01 03:21:57,32.31,54.0175,48.58,66,100,8.75
316,Beloha,MG,2022-02-01 03:21:57,-25.1667,45.05,69.42,84,84,8.79
317,Singapore,SG,2022-02-01 03:21:50,1.2897,103.8501,86.2,66,75,13.8
318,Bardiyah,LY,2022-02-01 03:21:58,31.7561,25.0865,52.5,78,8,13.51
319,Wexford,IE,2022-02-01 03:21:58,52.3342,-6.4575,50.52,84,100,21.43
320,Hearst,CA,2022-02-01 03:21:58,49.6835,-83.6665,21.45,88,99,11.81
321,Rawson,AR,2022-02-01 03:21:59,-43.3002,-65.1023,70.2,28,2,20.09
322,Arraial Do Cabo,BR,2022-02-01 03:21:55,-22.9661,-42.0278,75.06,94,0,0.0
323,Roma,US,2022-02-01 03:19:48,43.2128,-75.4557,17.87,78,0,6.91
324,Berlevag,NO,2022-02-01 03:21:59,70.8578,29.0864,22.14,75,43,9.35
325,Chunhuhub,MX,2022-02-01 03:22:00,19.55,-88.6833,67.93,72,100,4.61
326,Dukat,RU,2022-02-01 03:22:00,62.55,155.55,-4.11,97,100,6.24
327,Sola,VU,2022-02-01 03:22:00,-13.8833,167.55,83.07,89,75,0.0
328,Dudinka,RU,2022-02-01 03:22:01,69.4058,86.1778,6.62,93,99,13.06
329,Panuco,MX,2022-02-01 03:22:01,22.05,-98.1667,69.98,91,27,6.62
330,Soure,BR,2022-02-01 03:22:01,-0.7167,-48.5233,77.36,86,99,11.12
331,Mporokoso,ZM,2022-02-01 03:22:01,-9.3727,30.125,58.08,98,100,2.15
332,Lovington,US,2022-02-01 03:22:02,32.944,-103.3485,50.65,34,1,3.0
333,Doha,QA,2022-02-01 03:18:42,25.2867,51.5333,62.49,94,2,4.61
334,Dongtai,CN,2022-02-01 03:22:02,32.8523,120.3095,40.64,35,100,8.61
335,Lages,BR,2022-02-01 03:22:02,-27.8161,-50.3261,60.57,85,22,2.42
336,Namie,JP,2022-02-01 03:22:03,37.4833,141.0,45.77,47,16,3.15
337,Veraval,IN,2022-02-01 03:22:03,20.9,70.3667,68.81,80,0,9.46
338,Tezu,IN,2022-02-01 03:22:03,27.9167,96.1667,55.22,90,100,2.71
339,Korla,CN,2022-02-01 03:22:04,41.7597,86.1469,25.63,47,9,1.52
340,Kindia,GN,2022-02-01 03:22:04,10.0569,-12.8658,66.27,60,100,2.84
341,Santa Maria,BR,2022-02-01 03:22:04,-29.6842,-53.8069,72.7,78,0,9.22
342,Lazaro Cardenas,MX,2022-02-01 03:22:05,17.9583,-102.2,74.68,75,0,3.94
343,College,US,2022-02-01 03:22:05,64.8569,-147.8028,-16.42,73,0,0.0
344,Okhotsk,RU,2022-02-01 03:22:05,59.3833,143.3,9.28,78,100,15.3
345,Goundam,ML,2022-02-01 03:22:05,16.4145,-3.6708,68.05,17,12,9.37
346,Severobaykalsk,RU,2022-02-01 03:22:06,55.65,109.3167,-6.0,93,98,1.95
347,Tias,ES,2022-02-01 03:22:06,28.9611,-13.645,65.95,52,100,10.36
348,Loni,IN,2022-02-01 03:22:06,28.75,77.2833,50.23,55,0,4.0
349,Crotone,IT,2022-02-01 03:22:07,39.0851,17.1178,48.29,80,100,17.27
350,Lavrentiya,RU,2022-02-01 03:18:25,65.5833,-171.0,-1.61,81,14,13.09
351,Beringovskiy,RU,2022-02-01 03:22:07,63.05,179.3167,9.91,93,100,16.64
352,Lusambo,CD,2022-02-01 03:22:07,-4.9667,23.45,67.86,97,99,0.67
353,Malm,NO,2022-02-01 03:22:08,64.0721,11.2172,31.78,90,100,3.83
354,Sharan,RU,2022-02-01 03:22:08,54.8167,54.0,27.16,83,100,17.54
355,Kenora,CA,2022-02-01 03:22:08,49.8167,-94.4337,22.17,89,100,12.66
356,Marilandia,BR,2022-02-01 03:22:09,-19.4128,-40.5417,76.35,90,100,3.2
357,Altar,MX,2022-02-01 03:22:09,30.7,-111.8167,60.48,22,72,4.83
358,Guerrero Negro,MX,2022-02-01 03:18:23,27.9769,-114.0611,60.93,74,7,10.2
359,Svetlogorsk,BY,2022-02-01 03:22:10,52.6333,29.7333,23.14,93,99,11.41
360,Fort Frances,CA,2022-02-01 03:22:10,48.5999,-93.4003,25.16,73,100,5.99
361,Fairview,US,2022-02-01 03:23:10,40.8126,-73.999,26.29,66,0,6.91
362,Zabid,YE,2022-02-01 03:23:10,14.1951,43.3152,71.62,73,28,4.68
363,Narkanda,IN,2022-02-01 03:23:11,31.2548,77.4613,26.96,56,1,4.21
364,Mahebourg,MU,2022-02-01 03:23:11,-20.4081,57.7,81.25,74,75,18.41
365,Shingu,JP,2022-02-01 03:23:11,33.7333,135.9833,50.99,35,1,10.07
366,Hambantota,LK,2022-02-01 03:23:12,6.1241,81.1185,82.74,74,20,10.36
367,Campbell River,CA,2022-02-01 03:23:12,50.0163,-125.2446,37.26,100,40,4.61
368,Madison,US,2022-02-01 03:23:12,34.7334,-86.5667,47.37,59,0,5.99
369,Srednekolymsk,RU,2022-02-01 03:23:13,67.45,153.6833,-12.19,90,100,3.0
370,Uvalde,US,2022-02-01 03:23:13,29.3669,-99.767,58.53,71,0,6.91
371,Omsukchan,RU,2022-02-01 03:23:13,62.5333,155.8,-3.12,96,100,7.02
372,Uige,AO,2022-02-01 03:23:13,-7.6087,15.0613,66.7,98,100,1.74
373,Sao Miguel Do Araguaia,BR,2022-02-01 03:23:14,-13.275,-50.1628,70.66,95,99,1.34
374,San Cristobal,VE,2022-02-01 03:23:14,7.7669,-72.225,69.98,86,98,2.1
375,Abha,SA,2022-02-01 03:23:15,18.2164,42.5053,51.62,87,0,9.22
376,Sechura,PE,2022-02-01 03:23:15,-5.5569,-80.8222,73.0,68,100,8.14
377,Ciudad Bolivar,VE,2022-02-01 03:23:15,8.1222,-63.5497,79.92,63,85,12.41
378,Sokolo,ML,2022-02-01 03:23:15,14.7328,-6.1219,72.63,17,21,11.54
379,Ballina,AU,2022-02-01 03:20:06,-28.8667,153.5667,93.78,58,8,6.2
380,Rajapalaiyam,IN,2022-02-01 03:23:16,9.45,77.5667,75.29,78,37,3.8
381,Portachuelo,BO,2022-02-01 03:23:16,-17.35,-63.4,70.7,98,64,2.64
382,Veseli Nad Luznici,CZ,2022-02-01 03:23:17,49.1843,14.6973,34.05,87,100,10.0
383,Sao Filipe,CV,2022-02-01 03:23:17,14.8961,-24.4956,73.58,72,100,16.87
384,Sulangan,PH,2022-02-01 03:23:17,11.1373,123.7228,81.09,76,54,11.56
385,Mahasamund,IN,2022-02-01 03:23:17,21.1,82.1,64.67,29,12,4.25
386,Aras,ES,2022-02-01 03:23:18,42.5617,-2.356,41.41,76,75,19.57
387,Pangnirtung,CA,2022-02-01 03:23:18,66.1451,-65.7125,-29.99,94,97,4.41
388,Maniitsoq,GL,2022-02-01 03:23:18,65.4167,-52.9,11.21,87,96,9.71
389,Itarema,BR,2022-02-01 03:23:19,-2.9248,-39.9167,78.44,76,74,10.71
390,Olinda,BR,2022-02-01 03:23:19,-8.0089,-34.8553,80.33,83,40,2.3
391,Kavieng,PG,2022-02-01 03:23:12,-2.5744,150.7967,79.86,85,97,13.8
392,Pinawa,CA,2022-02-01 03:23:19,50.1489,-95.8811,25.9,96,100,11.25
393,Astana,KZ,2022-02-01 03:23:20,51.1801,71.446,1.35,85,20,6.71
394,Leh,IN,2022-02-01 03:22:09,34.1667,77.5833,5.07,93,99,2.77
395,Pisco,PE,2022-02-01 03:23:20,-13.7,-76.2167,71.65,78,100,10.36
396,Harper,LR,2022-02-01 03:23:20,4.375,-7.7169,77.68,85,88,3.09
397,Cochrane,CA,2022-02-01 03:21:36,51.1834,-114.4687,10.67,66,100,3.44
398,Magadan,RU,2022-02-01 03:23:21,59.5667,150.8,8.04,77,97,10.11
399,Bafra,TR,2022-02-01 03:23:21,41.5678,35.9069,35.38,81,27,6.62
400,Kadhan,PK,2022-02-01 03:23:21,24.481,68.9859,68.13,62,0,2.98
401,Vardo,NO,2022-02-01 03:23:22,70.3705,31.1107,22.12,82,29,8.59
402,Tautira,PF,2022-02-01 03:23:22,-17.7333,-149.15,86.02,78,29,20.09
403,Nordfjordeid,NO,2022-02-01 03:23:22,61.9063,5.9915,32.27,94,100,5.97
404,Igarka,RU,2022-02-01 03:23:23,67.4667,86.5833,4.84,95,100,16.02
405,Makungu,TZ,2022-02-01 03:23:23,-8.7333,35.2833,63.61,97,99,0.47
406,Ngama,TD,2022-02-01 03:23:23,11.7833,17.1667,57.34,18,9,9.98
407,Alamosa,US,2022-02-01 03:23:24,37.4695,-105.87,31.51,79,0,0.0
408,Wenling,CN,2022-02-01 03:24:24,28.3669,121.36,43.92,85,100,12.71
409,Manutuke,NZ,2022-02-01 03:24:24,-38.6833,177.9167,79.99,60,98,13.51
410,Guanica,PR,2022-02-01 03:24:25,17.9716,-66.908,75.97,81,32,1.99
411,Denpasar,ID,2022-02-01 03:24:25,-8.65,115.2167,87.46,66,20,10.36
412,Guadalupe Victoria,MX,2022-02-01 03:24:25,32.2869,-115.105,62.67,15,100,6.93
413,Kutum,SD,2022-02-01 03:24:25,14.2,24.6667,46.42,31,1,7.4
414,Panguna,PG,2022-02-01 03:24:26,-6.3164,155.4848,79.2,69,100,4.05
415,Burns Lake,CA,2022-02-01 03:24:26,54.2331,-125.7533,20.62,99,85,2.48
416,Mampong,GH,2022-02-01 03:24:26,7.0627,-1.4001,66.34,39,98,2.46
417,Kuusamo,FI,2022-02-01 03:24:27,65.9667,29.1833,-3.96,84,100,3.44
418,Rutland,US,2022-02-01 03:24:27,43.6167,-73.0162,14.25,79,0,1.99
419,Tucuman,AR,2022-02-01 03:24:27,-26.8241,-65.2226,75.2,60,75,12.66
420,Roebourne,AU,2022-02-01 03:24:28,-20.7833,117.1333,92.77,54,100,14.38
421,Labuhan,ID,2022-02-01 03:24:28,-6.8844,112.2051,83.59,72,97,7.47
422,Tarakan,ID,2022-02-01 03:24:28,3.3,117.6333,87.3,62,40,8.05
423,Belmonte,BR,2022-02-01 03:24:29,-15.8631,-38.8828,79.3,87,6,8.46
424,Kirakira,SB,2022-02-01 03:24:29,-10.4544,161.9205,83.53,77,85,5.53
425,Dakar,SN,2022-02-01 03:24:29,14.6937,-17.4441,70.68,83,93,11.5
426,San Patricio,US,2022-02-01 03:24:29,28.017,-97.5169,62.69,91,99,10.04
427,Bhilwara,IN,2022-02-01 03:24:30,25.35,74.6333,62.71,62,0,3.89
428,Verkhoyansk,RU,2022-02-01 03:24:30,67.5447,133.385,-25.44,97,100,1.05
429,Porto Santo,PT,2022-02-01 03:24:30,33.072,-16.3415,64.31,77,20,24.16
430,Kysyl-Syr,RU,2022-02-01 03:24:31,63.8986,122.7617,-23.19,97,70,4.92
431,Vokhtoga,RU,2022-02-01 03:24:31,58.8147,41.0461,18.64,96,98,7.14
432,Worland,US,2022-02-01 03:24:31,44.0169,-107.9554,31.87,50,100,8.05
433,Charagua,BO,2022-02-01 03:24:32,-19.8,-63.2167,67.77,87,97,4.34
434,Camopi,GF,2022-02-01 03:24:32,3.1655,-52.3158,70.79,99,99,1.83
435,Maku,IR,2022-02-01 03:24:32,39.2911,44.4521,18.16,79,91,6.89
436,Ayan,RU,2022-02-01 03:24:32,56.45,138.1667,1.96,64,95,14.63
437,Trinidad,BO,2022-02-01 03:24:33,-14.8333,-64.9,71.78,96,72,4.72
438,Mehamn,NO,2022-02-01 03:24:33,71.0357,27.8492,19.74,88,70,10.0
439,Loubomo,CG,2022-02-01 03:24:33,-4.1997,12.6739,70.54,96,71,2.48
440,Skjervoy,NO,2022-02-01 03:24:34,70.0311,20.9714,32.59,58,100,12.26
441,Capoterra,IT,2022-02-01 03:24:34,39.1763,8.9718,49.71,72,20,12.66
442,Avera,US,2022-02-01 03:24:34,33.194,-82.5271,44.47,55,20,5.17
443,Khorramshahr,IR,2022-02-01 03:24:35,30.4397,48.1664,55.36,88,75,6.91
444,Dingle,PH,2022-02-01 03:24:35,10.9995,122.6711,83.25,73,90,13.58
445,Lipin Bor,RU,2022-02-01 03:24:35,60.2622,37.9763,16.21,96,99,7.74
446,Koumac,NC,2022-02-01 03:24:36,-20.5667,164.2833,83.98,67,85,10.56
447,Talnakh,RU,2022-02-01 03:24:36,69.4865,88.3972,6.21,94,98,8.81
448,Nerchinskiy Zavod,RU,2022-02-01 03:24:36,51.3088,119.61,-8.16,89,34,1.43
449,Deming,US,2022-02-01 03:21:10,32.2687,-107.7586,53.78,20,0,12.66
450,Hoi An,VN,2022-02-01 03:24:37,15.8794,108.335,73.36,81,99,7.94
451,San Felipe,VE,2022-02-01 03:24:37,10.3399,-68.7425,70.95,90,72,4.83
452,Cortez,US,2022-02-01 03:20:57,37.3489,-108.5859,38.41,42,0,6.91
453,Stornoway,GB,2022-02-01 03:24:37,58.2093,-6.3865,49.03,83,100,15.01
454,Camacha,PT,2022-02-01 03:24:38,33.0833,-16.3333,61.56,77,20,24.16
455,Vilhena,BR,2022-02-01 03:24:38,-12.7406,-60.1458,66.36,99,100,2.8
456,Xichang,CN,2022-02-01 03:25:38,27.8964,102.2634,40.32,97,100,2.8
457,Fairbanks,US,2022-02-01 03:25:29,64.8378,-147.7164,-16.4,73,0,0.0
458,Villazon,BO,2022-02-01 03:25:39,-22.0866,-65.5942,47.3,80,100,7.58
459,Amapa,BR,2022-02-01 03:25:39,1.0,-52.0,70.84,99,100,1.43
460,Lakefield,US,2022-02-01 03:25:39,43.6775,-95.1717,37.89,82,0,5.01
461,Orange Cove,US,2022-02-01 03:25:40,36.6244,-119.3137,53.26,62,100,1.45
462,Vestmannaeyjar,IS,2022-02-01 03:25:40,63.4427,-20.2734,34.36,78,28,39.64
463,Sinyavskoye,RU,2022-02-01 03:25:40,47.277,39.2789,32.76,91,25,8.12
464,Yuli,NG,2022-02-01 03:22:07,9.6989,10.2744,61.16,27,9,6.89
465,Panormos,GR,2022-02-01 03:25:41,35.4182,24.6909,51.66,79,59,11.16
466,Evensk,RU,2022-02-01 03:25:41,61.95,159.2333,21.69,55,100,27.45
467,Pringsewu,ID,2022-02-01 03:25:41,-5.3582,104.9744,83.77,70,99,2.37
468,Redcliffe,AU,2022-02-01 03:25:42,-27.2307,153.0973,101.43,67,20,16.11
469,Gornopravdinsk,RU,2022-02-01 03:25:42,60.05,69.9,4.06,97,100,4.03
470,Zemio,CF,2022-02-01 03:25:42,5.0314,25.1361,67.03,31,55,1.92
471,Illela,NG,2022-02-01 03:25:42,13.7292,5.2975,57.88,11,0,11.45
472,Sao Gabriel Da Cachoeira,BR,2022-02-01 03:25:43,-0.1303,-67.0892,76.08,79,93,0.69
473,Bairnsdale,AU,2022-02-01 03:25:43,-37.8333,147.6167,76.69,70,25,3.0
474,Olyka,UA,2022-02-01 03:25:43,50.7186,25.8125,18.63,95,47,7.56
475,Huntington,US,2022-02-01 03:23:56,38.4193,-82.4452,30.99,90,71,3.74
476,Ponta Delgada,PT,2022-02-01 03:25:44,37.7333,-25.6667,58.5,72,20,6.91
477,Tazovskiy,RU,2022-02-01 03:25:44,67.4667,78.7,-0.02,98,100,5.99
478,Tura,IN,2022-02-01 03:25:44,25.5198,90.2201,62.51,51,74,5.48
479,Chernyshevskiy,RU,2022-02-01 03:25:45,63.0128,112.4714,-18.08,96,70,1.81
480,Srednebelaya,RU,2022-02-01 03:25:45,50.6594,128.0106,8.98,79,18,9.17
481,Hokitika,NZ,2022-02-01 03:25:45,-42.7167,170.9667,69.49,69,100,6.87
482,Klishkivtsi,UA,2022-02-01 03:25:46,48.4316,26.2623,31.06,83,89,0.87
483,Lewisporte,CA,2022-02-01 03:25:46,49.2499,-55.0482,23.38,82,14,8.1
484,Labuan,MY,2022-02-01 03:25:46,5.2767,115.2417,88.16,62,20,5.75
485,Andros Town,BS,2022-02-01 03:25:47,24.7,-77.7667,62.56,58,1,16.06
486,Ilhabela,BR,2022-02-01 03:25:47,-23.7781,-45.3581,76.51,82,98,4.83
487,Adeje,ES,2022-02-01 03:25:47,28.1227,-16.726,64.56,54,0,1.99
488,San Quintin,MX,2022-02-01 03:22:24,30.4833,-115.95,57.65,78,72,9.48
489,Chumikan,RU,2022-02-01 03:25:48,54.7183,135.315,3.72,75,89,14.63
490,Salinopolis,BR,2022-02-01 03:25:48,-0.6136,-47.3561,76.73,80,99,11.97
491,Jinchang,CN,2022-02-01 03:25:48,38.4953,102.1739,20.17,31,100,1.28
492,Lagos,NG,2022-02-01 03:22:15,6.5833,3.75,75.52,91,28,3.53
493,Fethiye,TR,2022-02-01 03:25:49,36.6217,29.1164,35.47,72,93,2.71
494,Auki,SB,2022-02-01 03:25:49,-8.7676,160.7034,85.48,68,76,5.73
495,Ronneby,SE,2022-02-01 03:25:49,56.21,15.276,18.1,100,100,0.0
496,Stephenville,US,2022-02-01 03:25:50,32.2207,-98.2023,56.8,88,40,8.05
497,Apache Junction,US,2022-02-01 03:25:50,33.4151,-111.5496,60.66,38,0,1.01
498,Rosarito,MX,2022-02-01 03:25:50,32.3333,-117.0333,56.41,76,99,2.48
499,Paamiut,GL,2022-02-01 03:25:51,61.994,-49.6678,18.43,81,100,9.46
500,Wrexham,GB,2022-02-01 03:25:51,53.0,-3.0,48.38,95,100,18.1
501,Quatre Cocos,MU,2022-02-01 03:25:51,-20.2078,57.7625,81.09,78,100,22.48
502,Pio Ix,BR,2022-02-01 03:25:52,-6.8375,-40.5792,71.02,64,2,3.96
503,Maningrida,AU,2022-02-01 03:26:52,-12.0667,134.2667,83.23,78,93,17.96
504,San Pedro,PH,2022-02-01 03:26:52,14.35,121.0167,84.31,64,75,4.61
505,Sambava,MG,2022-02-01 03:26:53,-14.2667,50.1667,76.14,86,100,7.96
506,High Level,CA,2022-02-01 03:25:16,58.5169,-117.136,-16.49,83,0,0.0
507,Acarau,BR,2022-02-01 03:26:53,-2.8856,-40.12,78.31,78,79,11.27
508,Mweka,CD,2022-02-01 03:26:53,-4.85,21.5667,68.29,95,100,1.48
509,Rocha,UY,2022-02-01 03:26:54,-34.4833,-54.3333,57.15,68,2,2.42
510,Tutoia,BR,2022-02-01 03:26:54,-2.7619,-42.2744,78.78,84,78,12.35
511,Ostrovnoy,RU,2022-02-01 03:26:54,68.0531,39.5131,15.13,95,100,3.69
512,Yellandu,IN,2022-02-01 03:26:55,17.6,80.3333,69.87,38,6,1.21
513,The Valley,AI,2022-02-01 03:26:55,18.217,-63.0578,77.14,78,20,3.44
514,Sonderso,DK,2022-02-01 03:26:55,55.4853,10.2554,35.73,73,100,12.26
515,Hualmay,PE,2022-02-01 03:26:56,-11.0964,-77.6139,70.81,82,36,7.38
516,Port Hedland,AU,2022-02-01 03:26:56,-20.3167,118.5667,93.25,62,98,13.8
517,Hamilton,US,2022-02-01 03:23:18,39.1834,-84.5333,34.79,73,100,1.01
518,Saint-Francois,FR,2022-02-01 03:26:56,46.4154,3.9054,33.24,80,0,8.05
519,Tres Arroyos,AR,2022-02-01 03:26:57,-38.3739,-60.2798,57.67,33,6,13.06
520,Sisimiut,GL,2022-02-01 03:26:57,66.9395,-53.6735,5.5,89,100,5.41
521,Council Bluffs,US,2022-02-01 03:26:57,41.2619,-95.8608,49.23,47,75,11.5
522,Moerai,PF,2022-02-01 03:26:58,-22.4333,-151.3333,80.37,74,89,15.59
523,Rostovka,RU,2022-02-01 03:26:58,55.3842,71.8891,18.54,96,95,8.61
524,Lasem,ID,2022-02-01 03:26:58,-6.6922,111.4527,83.84,74,90,5.88
525,Sorong,ID,2022-02-01 03:26:59,-0.8833,131.25,82.58,69,100,13.85
526,Pemberton,CA,2022-02-01 03:26:59,50.3164,-122.8027,28.26,96,22,1.59
527,Ararat,AM,2022-02-01 03:26:59,39.8317,44.7049,25.14,70,64,1.88
528,Kargasok,RU,2022-02-01 03:27:00,59.0556,80.8572,5.34,95,65,8.19
529,Nabire,ID,2022-02-01 03:27:00,-3.3667,135.4833,83.62,66,100,4.34
530,Riyadh,SA,2022-02-01 03:27:00,24.6877,46.7219,62.74,43,93,6.13
531,Mamakan,RU,2022-02-01 03:27:01,57.8161,114.0028,-7.96,95,100,0.47
532,Plouzane,FR,2022-02-01 03:27:01,48.3833,-4.6167,48.52,84,100,9.22
533,Maragogi,BR,2022-02-01 03:23:05,-9.0122,-35.2225,77.85,82,27,6.4
534,Floro,NO,2022-02-01 03:27:01,61.5996,5.0328,31.96,93,100,16.11
535,Fort Nelson,CA,2022-02-01 03:27:02,58.8053,-122.7002,-13.41,84,20,0.0
536,Ulaanbaatar,MN,2022-02-01 03:25:16,47.9077,106.8832,-11.07,70,23,0.0
537,San Ramon,US,2022-02-01 03:25:59,37.7799,-121.978,52.41,84,0,0.0
538,Arlit,NE,2022-02-01 03:27:02,18.7369,7.3853,52.79,21,0,4.59
539,Kagoro,NG,2022-02-01 03:27:03,9.6,8.3833,59.95,24,28,7.94
540,Sakakah,SA,2022-02-01 03:27:03,29.9697,40.2064,42.37,65,0,7.83
541,Iquique,CL,2022-02-01 03:27:03,-20.2208,-70.1431,69.84,73,0,3.24
542,Jiexiu,CN,2022-02-01 03:27:03,37.0244,111.9125,25.29,40,39,2.57
543,Port Macquarie,AU,2022-02-01 03:25:05,-31.4333,152.9167,87.89,64,5,10.29
544,Candido Mendes,BR,2022-02-01 03:27:04,-1.4467,-45.7167,72.19,91,100,5.06
545,Santo Antonio Do Ica,BR,2022-02-01 03:27:04,-3.1022,-67.9397,76.08,90,76,1.19
546,Blytheville,US,2022-02-01 03:28:05,35.9273,-89.919,51.48,49,0,5.99
547,Belawan,ID,2022-02-01 03:28:05,3.7755,98.6832,86.29,71,54,4.52
548,Teya,RU,2022-02-01 03:28:05,60.3778,92.6267,-3.91,98,82,3.51
549,Vicente Guerrero,MX,2022-02-01 03:28:05,19.1194,-98.1708,57.43,54,35,5.21
550,Cockburn Town,TC,2022-02-01 03:28:06,21.4612,-71.1419,74.34,71,98,19.89
551,Los Llanos De Aridane,ES,2022-02-01 03:28:06,28.6585,-17.9182,56.95,66,0,5.99
552,Srandakan,ID,2022-02-01 03:28:06,-7.9386,110.2506,84.15,69,91,5.93
553,Cabedelo,BR,2022-02-01 03:28:07,-6.9811,-34.8339,77.67,75,25,9.89
554,Saint-Pierre,RE,2022-02-01 03:28:07,-21.3393,55.4781,80.24,73,75,12.66
555,Mikun,RU,2022-02-01 03:28:07,62.3547,50.0771,0.9,99,75,4.76
556,Yeppoon,AU,2022-02-01 03:28:08,-23.1333,150.7333,94.78,61,97,12.53
557,Caibarien,CU,2022-02-01 03:28:08,22.5206,-79.4669,56.52,61,5,14.58
558,Aswan,EG,2022-02-01 03:28:08,24.0934,32.907,49.78,61,0,6.62
559,Port Lincoln,AU,2022-02-01 03:28:09,-34.7333,135.8667,65.71,58,45,21.9
560,Hibbing,US,2022-02-01 03:28:09,47.4272,-92.9377,24.4,46,100,9.22
561,Hofn,IS,2022-02-01 03:28:09,64.2539,-15.2082,33.24,73,35,11.1
562,Toora-Khem,RU,2022-02-01 03:28:09,52.4675,96.11,-16.06,99,92,1.54
563,Asfi,MA,2022-02-01 03:28:10,32.2994,-9.2372,60.28,56,24,13.87
564,Kiunga,PG,2022-02-01 03:23:12,-6.1219,141.2906,80.91,77,100,1.45
565,Skibbereen,IE,2022-02-01 03:28:10,51.55,-9.2667,48.0,85,65,19.3
566,Ouesso,CG,2022-02-01 03:28:11,1.6136,16.0517,66.52,34,86,0.87
567,Iskateley,RU,2022-02-01 03:28:11,67.6803,53.1512,10.51,96,100,7.54
568,Fuente De Oro,CO,2022-02-01 03:28:11,3.4594,-73.6128,80.19,45,81,2.95
